{"cameraMode":{"drawMode":0,"name":"Shaded","section":"Shading Mode"},"sceneLighting":false,"audioPlay":false,"sceneViewState":{"m_AlwaysRefresh":false,"showFog":true,"showSkybox":false,"showFlares":true,"showImageEffects":true,"showParticleSystems":true,"showVisualEffectGraphs":true,"m_FxEnabled":true},"in2DMode":false,"pivot":{"x":-2.1456100940704347,"y":1.4447599649429322,"z":-0.016833845525979997},"rotation":{"x":-0.023887665942311288,"y":0.9730547070503235,"z":-0.19554197788238526,"w":-0.11914946883916855},"size":2.0880165100097658,"orthographic":false}