{"cameraMode":{"drawMode":0,"name":"Shaded","section":"Shading Mode"},"sceneLighting":false,"audioPlay":false,"sceneViewState":{"m_AlwaysRefresh":false,"showFog":true,"showSkybox":false,"showFlares":true,"showImageEffects":true,"showParticleSystems":true,"showVisualEffectGraphs":true,"m_FxEnabled":true},"in2DMode":false,"pivot":{"x":-0.09357859939336777,"y":1.3874667882919312,"z":-0.6858682036399841},"rotation":{"x":-0.08995738625526428,"y":-0.839362382888794,"z":0.14652355015277863,"w":-0.5155041217803955},"size":1.7152214050292969,"orthographic":false}