{"cameraMode":{"drawMode":0,"name":"Shaded","section":"Shading Mode"},"sceneLighting":false,"audioPlay":false,"sceneViewState":{"m_AlwaysRefresh":false,"showFog":true,"showSkybox":false,"showFlares":true,"showImageEffects":true,"showParticleSystems":true,"showVisualEffectGraphs":true,"m_FxEnabled":true},"in2DMode":false,"pivot":{"x":3.191375255584717,"y":-1.0748250484466553,"z":0.5792922973632813},"rotation":{"x":0.15835772454738618,"y":0.05685558170080185,"z":-0.009167839772999287,"w":0.9856271743774414},"size":5.0483198165893559,"orthographic":false}